experiment_id,profile,mode,method,value,num_episodes,episode_length_mean,collision_count,mean_ttc,mean_following_distance,mean_speed,lane_0_time_mean,lane_1_time_mean,speed_violations_rate_mean,tailgating_violations_rate_mean,braking_violations_rate_mean,lane_change_tailgating_violations_rate_mean,lane_change_braking_violations_rate_mean,collision_violations_rate_mean,lane_change_collision_violations_rate_mean,cost_rate_mean,avoided_cost_rate_mean
0,efficient,unsupervised,,0.0,100,129.99,25,24.34215396801291,30.930357323920017,27.176428148123797,0.2870239414794568,0.7129760585205434,0.15839910648890318,0.05214808432440421,0.033693430716055246,0.03304069512900388,0.02000846919178742,0.0,0.0,1.8230331399346602,0.0
1,efficient,unsupervised,,0.0,100,132.72,22,13.666609046157305,30.306046119243888,27.259191960427614,0.28618555501501214,0.7138144449849878,0.16651225819435633,0.07541080862070487,0.036800052442232827,0.03191714685071398,0.0181823996318368,0.0,0.0,1.9294407733336314,0.0
2,efficient,unsupervised,,0.0,100,127.22,27,15.873565318715332,29.023871163761722,26.773218914492936,0.2649074377480955,0.7350925622519046,0.18811144080365025,0.07170687857246119,0.03557783103409071,0.03238147392329764,0.019428217829268922,0.0,0.0,2.0395373046407714,0.0
3,efficient,unsupervised,,0.0,100,135.67,21,86.29169780384679,30.31532545347635,26.83724389392934,0.2575843177623969,0.7424156822376031,0.19468895696735825,0.08307033802220185,0.038294016890156664,0.028997772033853092,0.017538611393738676,0.0,0.0,2.059134918260408,0.0
4,efficient,unsupervised,,0.0,100,129.63,26,10.662001158775965,28.98631714626144,27.185535883268216,0.2542072011892304,0.7457927988107694,0.1537629106099993,0.049771327154250304,0.0335347121914876,0.03154236267624253,0.01999094073315208,0.0,0.0,1.794689788323265,0.0
