experiment_id,profile,mode,method,value,num_episodes,episode_length_mean,collision_count,mean_ttc,mean_following_distance,mean_speed,lane_0_time_mean,lane_1_time_mean,speed_violations_rate_mean,tailgating_violations_rate_mean,braking_violations_rate_mean,lane_change_tailgating_violations_rate_mean,lane_change_braking_violations_rate_mean,collision_violations_rate_mean,lane_change_collision_violations_rate_mean,cost_rate_mean,avoided_cost_rate_mean
0,efficient,nop,,0.0,100,27.47,12,6.252430061919306,31.714502416931694,28.37215630599253,0.467952564102564,0.532047435897436,0.0886,0.04993333333333333,0.04067735042735042,0.14492735042735042,0.04557777777777778,0.002435897435897436,0.04191111111111111,3.201344017094017,0.0
1,efficient,nop,,0.0,100,26.4,19,18.662294441309626,29.17053853067051,27.708984201055845,0.48298012075643654,0.5170198792435634,0.15469223174486335,0.07607193683509472,0.048600111876427654,0.15365788597367544,0.039014272277430165,0.023675128964602648,0.03768093894409683,3.573847972203236,0.0
2,efficient,nop,,0.0,100,27.19,16,7.8064768024604305,31.267297128633235,27.893591439318683,0.4636446206486774,0.5363553793513226,0.13848850574712646,0.06608620689655172,0.042847875304771854,0.1569076874218862,0.03280299444751777,0.0064626436781609195,0.032136327780851105,3.4614656043190526,0.0
3,efficient,nop,,0.0,100,26.69,21,6.404227079375511,31.076206178986496,27.88210451737975,0.4538080610228175,0.5461919389771823,0.13466124924770967,0.07238162851347435,0.045525331750737426,0.14847556449635557,0.03636603102779573,0.014675144328288346,0.03598141564318035,3.498103914510101,0.0
4,efficient,nop,,0.0,100,27.14,20,5.623956860981989,28.871379056396123,28.110164906484172,0.4583622357174988,0.5416377642825011,0.11073958614484929,0.06702103335261231,0.04219883255146414,0.16204762761604868,0.03549817813765182,0.006815916929074825,0.03449817813765182,3.389641478696742,0.0
