experiment_id,profile,mode,method,value,num_episodes,episode_length_mean,collision_count,mean_ttc,mean_following_distance,mean_speed,lane_0_time_mean,lane_1_time_mean,speed_violations_rate_mean,tailgating_violations_rate_mean,braking_violations_rate_mean,lane_change_tailgating_violations_rate_mean,lane_change_braking_violations_rate_mean,collision_violations_rate_mean,lane_change_collision_violations_rate_mean,cost_rate_mean,avoided_cost_rate_mean
0,efficient,filter_only,,0.0,100,145.34,6,14.873457582661038,30.731026966763956,27.074729861553568,0.2964633826438462,0.7035366173561539,0.15833432705949263,0.06079527730189982,0.038071821994007424,0.028881210401077953,0.002444339325134027,0.0,0.0,1.7853940395413905,0.2622416707151806
1,efficient,filter_only,,0.0,100,151.0,0,19.378972173263964,31.091034636942382,27.30796128888363,0.30827814569536427,0.6917218543046357,0.1580132450331126,0.07788079470198676,0.033377483443708604,0.02960264900662252,0.0009933774834437086,0.0,0.0,1.7817880794701986,0.25768211920529804
2,efficient,filter_only,,0.0,100,151.0,0,14.84637395187413,29.714823321691814,26.89470448174735,0.2852980132450331,0.7147019867549669,0.17476821192052974,0.06927152317880794,0.031655629139072855,0.029139072847682114,0.0015231788079470199,0.0,0.0,1.8764900662251653,0.23880794701986754
3,efficient,filter_only,,0.0,100,148.19,3,36.227966466799806,30.000246315538643,26.730636224126144,0.2800389701926684,0.7199610298073316,0.18961407588461524,0.08795612399230553,0.03893472395946662,0.02570720494025585,0.0012582781456953642,0.0,0.0,1.9901013494662338,0.2528829959778991
4,efficient,filter_only,,0.0,100,147.76,5,12.246850980050112,29.145490103964555,27.321073414423353,0.2789981461685777,0.721001853831422,0.1469797542041371,0.053236930253735694,0.033339775426867946,0.02929151744758626,0.0010596026490066227,0.0,0.0,1.6973758392917622,0.2689037982204889
