experiment_id,profile,mode,method,value,num_episodes,episode_length_mean,collision_count,mean_ttc,mean_following_distance,mean_speed,lane_0_time_mean,lane_1_time_mean,speed_violations_rate_mean,tailgating_violations_rate_mean,braking_violations_rate_mean,lane_change_tailgating_violations_rate_mean,lane_change_braking_violations_rate_mean,collision_violations_rate_mean,lane_change_collision_violations_rate_mean,cost_rate_mean,avoided_cost_rate_mean
0,efficient,nop,,0.0,100,25.96,18,6.114528490694821,29.91744883881763,28.253565054394343,0.48064886039886034,0.5193511396011395,0.09144444444444445,0.05218518518518518,0.06330698005698006,0.14357549857549856,0.019500000000000003,0.004306267806267806,0.013833333333333333,3.1703810541310538,0.24418518518518514
1,efficient,nop,,0.0,100,26.03,18,7.465431151067024,28.032924414537582,27.700159649211905,0.485291847041847,0.514708152958153,0.14786291486291486,0.06924098124098124,0.05721500721500721,0.14143019480519478,0.018641414141414143,0.012057720057720055,0.011196969696969698,3.4306084054834054,0.2666112914862915
2,efficient,nop,,0.0,100,26.68,17,8.169857457704477,30.068396169785316,27.719788768969988,0.46277399860675716,0.5372260013932428,0.15028275862068965,0.06922758620689656,0.05264117032392893,0.15180102751654473,0.018409090909090906,0.007911877394636016,0.012853535353535353,3.4831747997213514,0.1522666666666667
3,efficient,nop,,0.0,100,27.57,15,6.133220608724923,29.884330641140977,27.763367815716276,0.4536713763171564,0.5463286236828435,0.14054064825484264,0.07186361882173901,0.04856955803503118,0.14742427346263662,0.010373949579831933,0.008292248672044067,0.009707282913165267,3.4021753856875336,0.243781216983263
4,efficient,nop,,0.0,100,27.04,15,5.693231755536416,28.199535853124452,28.05462129327615,0.4610698412698412,0.5389301587301588,0.11116904761904761,0.06674563492063493,0.04799722222222221,0.1530690476190476,0.014333333333333339,0.0027619047619047614,0.013333333333333338,3.275247222222223,0.1712702380952381
