experiment_id,profile,mode,method,value,num_episodes,episode_length_mean,collision_count,mean_ttc,mean_following_distance,mean_speed,lane_0_time_mean,lane_1_time_mean,speed_violations_rate_mean,tailgating_violations_rate_mean,braking_violations_rate_mean,lane_change_tailgating_violations_rate_mean,lane_change_braking_violations_rate_mean,collision_violations_rate_mean,lane_change_collision_violations_rate_mean,cost_rate_mean,avoided_cost_rate_mean
0,cautious,filter_only,,0.0,100,145.34,6,14.873457582661038,30.731026966763956,27.074729861553568,0.2964633826438462,0.7035366173561539,0.4100581967105146,0.10719798221288288,0.08978238171946781,0.029344786560018356,0.006748975086723432,0.0,0.0,3.070455524265127,0.27183764199823807
1,cautious,filter_only,,0.0,100,151.0,0,19.378972173263964,31.091034636942382,27.30796128888363,0.30827814569536427,0.6917218543046357,0.412384105960265,0.10940397350993378,0.08503311258278146,0.030066225165562913,0.0056291390728476845,0.0,0.0,3.098609271523179,0.238476821192053
2,cautious,filter_only,,0.0,100,151.0,0,14.84637395187413,29.714823321691814,26.89470448174735,0.2852980132450331,0.7147019867549669,0.38231788079470197,0.1076158940397351,0.08410596026490066,0.029470198675496686,0.0056953642384105965,0.0,0.0,2.9333112582781458,0.21423841059602652
3,cautious,filter_only,,0.0,100,148.19,3,36.227966466799806,30.000246315538643,26.730636224126144,0.2800389701926684,0.7199610298073316,0.3774679733711025,0.12306997227380188,0.08951338453179834,0.026369456595884994,0.005028533822090452,0.0,0.0,2.9645924449113688,0.23246233869212973
4,cautious,filter_only,,0.0,100,147.76,5,12.246850980050112,29.145490103964555,27.321073414423353,0.2789981461685777,0.721001853831422,0.4245706379356916,0.09179652139958344,0.08753879153390776,0.029556418109837918,0.003974197682454692,0.0,0.0,3.033777954117135,0.25448666117589475
