experiment_id,profile,mode,method,value,num_episodes,episode_length_mean,collision_count,mean_ttc,mean_following_distance,mean_speed,lane_0_time_mean,lane_1_time_mean,speed_violations_rate_mean,tailgating_violations_rate_mean,braking_violations_rate_mean,lane_change_tailgating_violations_rate_mean,lane_change_braking_violations_rate_mean,collision_violations_rate_mean,lane_change_collision_violations_rate_mean,cost_rate_mean,avoided_cost_rate_mean
0,cautious,nop,,0.0,100,25.96,18,6.114528490694821,29.91744883881763,28.253565054394343,0.48064886039886034,0.5193511396011395,0.7949686609686611,0.1065377492877493,0.16009472934472935,0.14498290598290597,0.028666666666666667,0.004306267806267806,0.013833333333333333,6.522238603988603,0.1381851851851852
1,cautious,nop,,0.0,100,26.03,18,7.465431151067024,28.032924414537582,27.700159649211905,0.485291847041847,0.514708152958153,0.7399722222222223,0.10437896825396825,0.1546801948051948,0.14566251803751804,0.03677453102453102,0.012057720057720055,0.011196969696969698,6.300138528138529,0.27514989177489174
2,cautious,nop,,0.0,100,26.68,17,8.169857457704477,30.068396169785316,27.719788768969988,0.46277399860675716,0.5372260013932428,0.7310689655172414,0.11172556600487633,0.14605924764890282,0.15831213862765586,0.029547979797979792,0.007911877394636016,0.012853535353535353,6.239784813653781,0.1300888888888889
3,cautious,nop,,0.0,100,27.57,15,6.133220608724923,29.884330641140977,27.763367815716276,0.4536713763171564,0.5463286236828435,0.7278605885683891,0.11219023053294153,0.14090376808471436,0.1498173894046656,0.01931239519219059,0.008292248672044067,0.009707282913165267,6.0924099649521635,0.20438918399020697
4,cautious,nop,,0.0,100,27.04,15,5.693231755536416,28.199535853124452,28.05462129327615,0.4610698412698412,0.5389301587301588,0.7667857142857143,0.10456825396825394,0.153009126984127,0.15640238095238096,0.023142857142857142,0.0027619047619047614,0.013333333333333338,6.352125793650795,0.14975674603174605
